<?xml version="1.0" encoding="UTF-8"?>
<manifest xmlns="http://www.overheid.nl/2017/lvbb">
   <bestand>
      <bestandsnaam>manifest.xml</bestandsnaam>
      <contentType>application/xml</contentType>
   </bestand>
   <bestand>
      <bestandsnaam>besluit.xml</bestandsnaam>
      <contentType>application/xml</contentType>
   </bestand>
   <bestand>
      <bestandsnaam>opdracht.xml</bestandsnaam>
      <contentType>application/xml</contentType>
   </bestand>
   <bestand>
      <bestandsnaam>manifest-ow.xml</bestandsnaam>
      <contentType>application/xml</contentType>
   </bestand>
   <bestand>
      <bestandsnaam>ow.xml</bestandsnaam>
      <contentType>application/xml</contentType>
   </bestand>
    <bestand>
      <bestandsnaam>Polygoon.xml</bestandsnaam>
      <contentType>application/xml</contentType>
   </bestand>
    <bestand>
      <bestandsnaam>Polygoon2.xml</bestandsnaam>
      <contentType>application/xml</contentType>
   </bestand>
  <bestand>
      <bestandsnaam>Polygoon3.xml</bestandsnaam>
      <contentType>application/xml</contentType>
   </bestand>
     <bestand>
      <bestandsnaam>Polygoon.gml</bestandsnaam>
      <contentType>application/gml+xml</contentType>
   </bestand>
    <bestand>
      <bestandsnaam>Polygoon2.gml</bestandsnaam>
      <contentType>application/gml+xml</contentType>
   </bestand>
  <bestand>
      <bestandsnaam>Polygoon3.gml</bestandsnaam>
      <contentType>application/gml+xml</contentType>
   </bestand>
</manifest>
