<?xml version="1.0" encoding="utf-8"?>
<Aanleveringen xmlns:xsi="http://www.w3.org/2001/XMLSchema-instance"
               xmlns="http://www.geostandaarden.nl/bestanden-ow/manifest-ow"
               xsi:schemaLocation="http://www.geostandaarden.nl/bestanden-ow/manifest-ow https://register.geostandaarden.nl/xmlschema/tpod/v2.0.0/bestanden-ow/generiek/manifest-ow.xsd">
   <domein>omgevingswet</domein>
   <Aanlevering>
      <WorkIDRegeling>/akn/nl/act/gm0363/2022/ontwerpplanTwanProbeersel1Definitief1</WorkIDRegeling>
      <DoelID>/join/id/proces/gm0363/2022/ontwerpplanTwanProbeersel1Definitief1</DoelID>
      <Bestand>
         <naam>ow.xml</naam>
          <objecttype>Activiteit</objecttype>
          <objecttype>Ambtsgebied</objecttype>
          <objecttype>Gebied</objecttype>
          <objecttype>Gebiedsaanwijzing</objecttype>
          <objecttype>Omgevingsnorm</objecttype>
          <objecttype>Regelingsgebied</objecttype>
          <objecttype>Regeltekst</objecttype>
          <objecttype>RegelVoorIedereen</objecttype>
      </Bestand>
   </Aanlevering>
</Aanleveringen>
