<?xml version="1.0" encoding="utf-8"?>
<ow-dc:owBestand xmlns:xsi="http://www.w3.org/2001/XMLSchema-instance"
   xmlns:xlink="http://www.w3.org/1999/xlink"
   xmlns:ga="http://www.geostandaarden.nl/imow/gebiedsaanwijzing"
   xmlns:da="http://www.geostandaarden.nl/imow/datatypenalgemeen"
   xmlns:sl="http://www.geostandaarden.nl/bestanden-ow/standlevering-generiek"
   xmlns:ow-dc="http://www.geostandaarden.nl/imow/bestanden/deelbestand"
   xmlns:ow="http://www.geostandaarden.nl/imow/owobject"
   xmlns:rol="http://www.geostandaarden.nl/imow/regelsoplocatie"
   xmlns:rg="http://www.geostandaarden.nl/imow/regelingsgebied"
   xmlns:p="http://www.geostandaarden.nl/imow/pons"
   xmlns:l="http://www.geostandaarden.nl/imow/locatie"
   xmlns:r="http://www.geostandaarden.nl/imow/regels"
   xmlns:k="http://www.geostandaarden.nl/imow/kaart"
   xmlns:s="http://www.geostandaarden.nl/imow/symbolisatie"
   xmlns:op="http://www.geostandaarden.nl/imow/opobject"
   xmlns:vt="http://www.geostandaarden.nl/imow/vrijetekst"
   xsi:schemaLocation="http://www.geostandaarden.nl/imow/bestanden/deelbestand https://register.geostandaarden.nl/xmlschema/tpod/v2.0.0/bestanden-ow/deelbestand-ow/IMOW_Deelbestand.xsd">
   <sl:standBestand>
      <sl:dataset>TijdreizenInAmsterdam</sl:dataset>
      <sl:inhoud>
         <sl:gebied>Amsterdam</sl:gebied>
         <sl:leveringsId>Kadaster-Tijdreizen-initieel_001</sl:leveringsId>
         <sl:objectTypen>
          <sl:objectType>Activiteit</sl:objectType>
          <sl:objectType>Ambtsgebied</sl:objectType>
          <sl:objectType>Gebied</sl:objectType>
          <sl:objectType>Gebiedsaanwijzing</sl:objectType>
          <sl:objectType>Omgevingsnorm</sl:objectType>
          <sl:objectType>Regelingsgebied</sl:objectType>
          <sl:objectType>Regeltekst</sl:objectType>
          <sl:objectType>RegelVoorIedereen</sl:objectType>
         </sl:objectTypen>
      </sl:inhoud>
    
<!--REGELTEKSTEN-->
<sl:stand><ow-dc:owObject><r:Regeltekst wId="gm0363_1__chp_16__art_1"><r:identificatie>nl.imow-gm0363.regeltekst.chp16art1</r:identificatie></r:Regeltekst></ow-dc:owObject></sl:stand>
<sl:stand><ow-dc:owObject><r:Regeltekst wId="gm0363_1__chp_16__art_2"><r:identificatie>nl.imow-gm0363.regeltekst.chp16art2</r:identificatie></r:Regeltekst></ow-dc:owObject></sl:stand>
<sl:stand><ow-dc:owObject><r:Regeltekst wId="gm0363_1__chp_16__art_3"><r:identificatie>nl.imow-gm0363.regeltekst.chp16art3</r:identificatie></r:Regeltekst></ow-dc:owObject></sl:stand>
<sl:stand><ow-dc:owObject><r:Regeltekst wId="gm0363_1__chp_16__art_4"><r:identificatie>nl.imow-gm0363.regeltekst.chp16art4</r:identificatie></r:Regeltekst></ow-dc:owObject></sl:stand>
<sl:stand><ow-dc:owObject><r:Regeltekst wId="gm0363_1__chp_16__art_5"><r:identificatie>nl.imow-gm0363.regeltekst.chp16art5</r:identificatie></r:Regeltekst></ow-dc:owObject></sl:stand>
<sl:stand><ow-dc:owObject><r:Regeltekst wId="gm0363_1__chp_16__art_6"><r:identificatie>nl.imow-gm0363.regeltekst.chp16art6</r:identificatie></r:Regeltekst></ow-dc:owObject></sl:stand>
<sl:stand><ow-dc:owObject><r:Regeltekst wId="gm0363_1__chp_16__art_7"><r:identificatie>nl.imow-gm0363.regeltekst.chp16art7</r:identificatie></r:Regeltekst></ow-dc:owObject></sl:stand>
<sl:stand><ow-dc:owObject><r:Regeltekst wId="gm0363_1__chp_16__art_8"><r:identificatie>nl.imow-gm0363.regeltekst.chp16art8</r:identificatie></r:Regeltekst></ow-dc:owObject></sl:stand>
<sl:stand><ow-dc:owObject><r:Regeltekst wId="gm0363_1__chp_16__art_9"><r:identificatie>nl.imow-gm0363.regeltekst.chp16art9</r:identificatie></r:Regeltekst></ow-dc:owObject></sl:stand>
<sl:stand><ow-dc:owObject><r:Regeltekst wId="gm0363_1__chp_16__art_10"><r:identificatie>nl.imow-gm0363.regeltekst.chp16art10</r:identificatie></r:Regeltekst></ow-dc:owObject></sl:stand>
<sl:stand><ow-dc:owObject><r:Regeltekst wId="gm0363_1__chp_16__art_11"><r:identificatie>nl.imow-gm0363.regeltekst.chp16art11</r:identificatie></r:Regeltekst></ow-dc:owObject></sl:stand>
<sl:stand><ow-dc:owObject><r:Regeltekst wId="gm0363_1__chp_16__art_12"><r:identificatie>nl.imow-gm0363.regeltekst.chp16art12</r:identificatie></r:Regeltekst></ow-dc:owObject></sl:stand>
<sl:stand><ow-dc:owObject><r:Regeltekst wId="gm0363_1__chp_16__art_13"><r:identificatie>nl.imow-gm0363.regeltekst.chp16art13</r:identificatie></r:Regeltekst></ow-dc:owObject></sl:stand>
<sl:stand><ow-dc:owObject><r:Regeltekst wId="gm0363_1__chp_16__art_14"><r:identificatie>nl.imow-gm0363.regeltekst.chp16art14</r:identificatie></r:Regeltekst></ow-dc:owObject></sl:stand>
<sl:stand><ow-dc:owObject><r:Regeltekst wId="gm0363_1__chp_16__art_15"><r:identificatie>nl.imow-gm0363.regeltekst.chp16art15</r:identificatie></r:Regeltekst></ow-dc:owObject></sl:stand>
<sl:stand><ow-dc:owObject><r:Regeltekst wId="gm0363_1__chp_16__art_16"><r:identificatie>nl.imow-gm0363.regeltekst.chp16art16</r:identificatie></r:Regeltekst></ow-dc:owObject></sl:stand>
<sl:stand><ow-dc:owObject><r:Regeltekst wId="gm0363_1__chp_16__art_17"><r:identificatie>nl.imow-gm0363.regeltekst.chp16art17</r:identificatie></r:Regeltekst></ow-dc:owObject></sl:stand>
<sl:stand><ow-dc:owObject><r:Regeltekst wId="gm0363_1__chp_16__art_18"><r:identificatie>nl.imow-gm0363.regeltekst.chp16art18</r:identificatie></r:Regeltekst></ow-dc:owObject></sl:stand>
<sl:stand><ow-dc:owObject><r:Regeltekst wId="gm0363_1__chp_16__art_19"><r:identificatie>nl.imow-gm0363.regeltekst.chp16art19</r:identificatie></r:Regeltekst></ow-dc:owObject></sl:stand>
<sl:stand><ow-dc:owObject><r:Regeltekst wId="gm0363_1__chp_16__art_20"><r:identificatie>nl.imow-gm0363.regeltekst.chp16art20</r:identificatie></r:Regeltekst></ow-dc:owObject></sl:stand>
<sl:stand><ow-dc:owObject><r:Regeltekst wId="gm0363_1__chp_16__art_21"><r:identificatie>nl.imow-gm0363.regeltekst.chp16art21</r:identificatie></r:Regeltekst></ow-dc:owObject></sl:stand>
<sl:stand><ow-dc:owObject><r:Regeltekst wId="gm0363_1__chp_16__art_22"><r:identificatie>nl.imow-gm0363.regeltekst.chp16art22</r:identificatie></r:Regeltekst></ow-dc:owObject></sl:stand>
<sl:stand><ow-dc:owObject><r:Regeltekst wId="gm0363_1__chp_16__art_23"><r:identificatie>nl.imow-gm0363.regeltekst.chp16art23</r:identificatie></r:Regeltekst></ow-dc:owObject></sl:stand>
<sl:stand><ow-dc:owObject><r:Regeltekst wId="gm0363_1__chp_16__art_24"><r:identificatie>nl.imow-gm0363.regeltekst.chp16art24</r:identificatie></r:Regeltekst></ow-dc:owObject></sl:stand>

<!--JURIDISCHE REGELS-->
<!--chp16art1 - Niets (geen wijziging) - Een ActiviteitLocatieaanduiding-->
<sl:stand><ow-dc:owObject><r:RegelVoorIedereen><r:identificatie>nl.imow-gm0363.juridischeregel.chp16art1</r:identificatie><r:idealisatie>http://standaarden.omgevingswet.overheid.nl/idealisatie/id/concept/Exact</r:idealisatie><r:artikelOfLid><r:RegeltekstRef xlink:href="nl.imow-gm0363.regeltekst.chp16art1"/></r:artikelOfLid><r:locatieaanduiding><l:LocatieRef xlink:href="nl.imow-gm0363.gebied.Gebiedongewijzigd"/></r:locatieaanduiding><r:activiteitaanduiding><rol:ActiviteitRef xlink:href="nl.imow-gm0363.activiteit.chp16art1"/><r:ActiviteitLocatieaanduiding><r:identificatie>nl.imow-gm0363.activiteitlocatieaanduiding.chp16art1</r:identificatie><r:activiteitregelkwalificatie>http://standaarden.omgevingswet.overheid.nl/activiteitregelkwalificatie/id/concept/AndersGeduid</r:activiteitregelkwalificatie><r:locatieaanduiding><l:LocatieRef xlink:href="nl.imow-gm0363.gebied.Gebiedongewijzigd"/></r:locatieaanduiding></r:ActiviteitLocatieaanduiding></r:activiteitaanduiding></r:RegelVoorIedereen></ow-dc:owObject></sl:stand>
<!--chp16art2 - Niets (geen wijziging) - Een Omgevingsnorm-->
<sl:stand><ow-dc:owObject><r:RegelVoorIedereen><r:identificatie>nl.imow-gm0363.juridischeregel.chp16art2</r:identificatie><r:idealisatie>http://standaarden.omgevingswet.overheid.nl/idealisatie/id/concept/Exact</r:idealisatie><r:artikelOfLid><r:RegeltekstRef xlink:href="nl.imow-gm0363.regeltekst.chp16art2"/></r:artikelOfLid><r:locatieaanduiding><l:LocatieRef xlink:href="nl.imow-gm0363.gebied.Gebiedongewijzigd"/></r:locatieaanduiding><r:omgevingsnormaanduiding><rol:OmgevingsnormRef xlink:href="nl.imow-gm0363.omgevingsnorm.chp16art2"/></r:omgevingsnormaanduiding></r:RegelVoorIedereen></ow-dc:owObject></sl:stand>
<!--chp16art3 - Niets (geen wijziging) - Een Gebiedsaanwijzing-->
<sl:stand><ow-dc:owObject><r:RegelVoorIedereen><r:identificatie>nl.imow-gm0363.juridischeregel.chp16art3</r:identificatie><r:idealisatie>http://standaarden.omgevingswet.overheid.nl/idealisatie/id/concept/Exact</r:idealisatie><r:artikelOfLid><r:RegeltekstRef xlink:href="nl.imow-gm0363.regeltekst.chp16art3"/></r:artikelOfLid><r:locatieaanduiding><l:LocatieRef xlink:href="nl.imow-gm0363.gebied.Gebiedongewijzigd"/></r:locatieaanduiding><r:gebiedsaanwijzing><ga:GebiedsaanwijzingRef xlink:href="nl.imow-gm0363.gebiedsaanwijzing.chp16art3"/></r:gebiedsaanwijzing></r:RegelVoorIedereen></ow-dc:owObject></sl:stand>
<!--chp16art4 - Niets (geen wijziging) - Alleen een Locatie-->
<sl:stand><ow-dc:owObject><r:RegelVoorIedereen><r:identificatie>nl.imow-gm0363.juridischeregel.chp16art4</r:identificatie><r:idealisatie>http://standaarden.omgevingswet.overheid.nl/idealisatie/id/concept/Exact</r:idealisatie><r:artikelOfLid><r:RegeltekstRef xlink:href="nl.imow-gm0363.regeltekst.chp16art4"/></r:artikelOfLid><r:locatieaanduiding><l:LocatieRef xlink:href="nl.imow-gm0363.gebied.Gebiedongewijzigd"/></r:locatieaanduiding></r:RegelVoorIedereen></ow-dc:owObject></sl:stand>
<!--chp16art5 - een OntwerpDocumentComponent - Een ActiviteitLocatieaanduiding-->
<sl:stand><ow-dc:owObject><r:RegelVoorIedereen><r:identificatie>nl.imow-gm0363.juridischeregel.chp16art5</r:identificatie><r:idealisatie>http://standaarden.omgevingswet.overheid.nl/idealisatie/id/concept/Exact</r:idealisatie><r:artikelOfLid><r:RegeltekstRef xlink:href="nl.imow-gm0363.regeltekst.chp16art5"/></r:artikelOfLid><r:locatieaanduiding><l:LocatieRef xlink:href="nl.imow-gm0363.gebied.Gebiedongewijzigd"/></r:locatieaanduiding><r:activiteitaanduiding><rol:ActiviteitRef xlink:href="nl.imow-gm0363.activiteit.chp16art5"/><r:ActiviteitLocatieaanduiding><r:identificatie>nl.imow-gm0363.activiteitlocatieaanduiding.chp16art5</r:identificatie><r:activiteitregelkwalificatie>http://standaarden.omgevingswet.overheid.nl/activiteitregelkwalificatie/id/concept/AndersGeduid</r:activiteitregelkwalificatie><r:locatieaanduiding><l:LocatieRef xlink:href="nl.imow-gm0363.gebied.Gebiedongewijzigd"/></r:locatieaanduiding></r:ActiviteitLocatieaanduiding></r:activiteitaanduiding></r:RegelVoorIedereen></ow-dc:owObject></sl:stand>
<!--chp16art6 - een OntwerpDocumentComponent - Een Omgevingsnorm-->
<sl:stand><ow-dc:owObject><r:RegelVoorIedereen><r:identificatie>nl.imow-gm0363.juridischeregel.chp16art6</r:identificatie><r:idealisatie>http://standaarden.omgevingswet.overheid.nl/idealisatie/id/concept/Exact</r:idealisatie><r:artikelOfLid><r:RegeltekstRef xlink:href="nl.imow-gm0363.regeltekst.chp16art6"/></r:artikelOfLid><r:locatieaanduiding><l:LocatieRef xlink:href="nl.imow-gm0363.gebied.Gebiedongewijzigd"/></r:locatieaanduiding><r:omgevingsnormaanduiding><rol:OmgevingsnormRef xlink:href="nl.imow-gm0363.omgevingsnorm.chp16art6"/></r:omgevingsnormaanduiding></r:RegelVoorIedereen></ow-dc:owObject></sl:stand>
<!--chp16art7 - een OntwerpDocumentComponent - Een Gebiedsaanwijzing-->
<sl:stand><ow-dc:owObject><r:RegelVoorIedereen><r:identificatie>nl.imow-gm0363.juridischeregel.chp16art7</r:identificatie><r:idealisatie>http://standaarden.omgevingswet.overheid.nl/idealisatie/id/concept/Exact</r:idealisatie><r:artikelOfLid><r:RegeltekstRef xlink:href="nl.imow-gm0363.regeltekst.chp16art7"/></r:artikelOfLid><r:locatieaanduiding><l:LocatieRef xlink:href="nl.imow-gm0363.gebied.Gebiedongewijzigd"/></r:locatieaanduiding><r:gebiedsaanwijzing><ga:GebiedsaanwijzingRef xlink:href="nl.imow-gm0363.gebiedsaanwijzing.chp16art7"/></r:gebiedsaanwijzing></r:RegelVoorIedereen></ow-dc:owObject></sl:stand>
<!--chp16art8 - een OntwerpDocumentComponent - Alleen een Locatie-->
<sl:stand><ow-dc:owObject><r:RegelVoorIedereen><r:identificatie>nl.imow-gm0363.juridischeregel.chp16art8</r:identificatie><r:idealisatie>http://standaarden.omgevingswet.overheid.nl/idealisatie/id/concept/Exact</r:idealisatie><r:artikelOfLid><r:RegeltekstRef xlink:href="nl.imow-gm0363.regeltekst.chp16art8"/></r:artikelOfLid><r:locatieaanduiding><l:LocatieRef xlink:href="nl.imow-gm0363.gebied.Gebiedongewijzigd"/></r:locatieaanduiding></r:RegelVoorIedereen></ow-dc:owObject></sl:stand>
<!--chp16art9 - Alleen de plek van de locatie - Een ActiviteitLocatieaanduiding-->
<sl:stand><ow-dc:owObject><r:RegelVoorIedereen><r:identificatie>nl.imow-gm0363.juridischeregel.chp16art9</r:identificatie><r:idealisatie>http://standaarden.omgevingswet.overheid.nl/idealisatie/id/concept/Exact</r:idealisatie><r:artikelOfLid><r:RegeltekstRef xlink:href="nl.imow-gm0363.regeltekst.chp16art9"/></r:artikelOfLid><r:locatieaanduiding><l:LocatieRef xlink:href="nl.imow-gm0363.gebied.GebiedgewijzigdVanPlek"/></r:locatieaanduiding><r:activiteitaanduiding><rol:ActiviteitRef xlink:href="nl.imow-gm0363.activiteit.chp16art9"/><r:ActiviteitLocatieaanduiding><r:identificatie>nl.imow-gm0363.activiteitlocatieaanduiding.chp16art9</r:identificatie><r:activiteitregelkwalificatie>http://standaarden.omgevingswet.overheid.nl/activiteitregelkwalificatie/id/concept/AndersGeduid</r:activiteitregelkwalificatie><r:locatieaanduiding><l:LocatieRef xlink:href="nl.imow-gm0363.gebied.Gebiedongewijzigd"/></r:locatieaanduiding></r:ActiviteitLocatieaanduiding></r:activiteitaanduiding></r:RegelVoorIedereen></ow-dc:owObject></sl:stand>
<!--chp16art10 - Alleen de plek van de locatie - Een Omgevingsnorm-->
<sl:stand><ow-dc:owObject><r:RegelVoorIedereen><r:identificatie>nl.imow-gm0363.juridischeregel.chp16art10</r:identificatie><r:idealisatie>http://standaarden.omgevingswet.overheid.nl/idealisatie/id/concept/Exact</r:idealisatie><r:artikelOfLid><r:RegeltekstRef xlink:href="nl.imow-gm0363.regeltekst.chp16art10"/></r:artikelOfLid><r:locatieaanduiding><l:LocatieRef xlink:href="nl.imow-gm0363.gebied.GebiedgewijzigdVanPlek"/></r:locatieaanduiding><r:omgevingsnormaanduiding><rol:OmgevingsnormRef xlink:href="nl.imow-gm0363.omgevingsnorm.chp16art10"/></r:omgevingsnormaanduiding></r:RegelVoorIedereen></ow-dc:owObject></sl:stand>
<!--chp16art11 - Alleen de plek van de locatie - Een Gebiedsaanwijzing-->
<sl:stand><ow-dc:owObject><r:RegelVoorIedereen><r:identificatie>nl.imow-gm0363.juridischeregel.chp16art11</r:identificatie><r:idealisatie>http://standaarden.omgevingswet.overheid.nl/idealisatie/id/concept/Exact</r:idealisatie><r:artikelOfLid><r:RegeltekstRef xlink:href="nl.imow-gm0363.regeltekst.chp16art11"/></r:artikelOfLid><r:locatieaanduiding><l:LocatieRef xlink:href="nl.imow-gm0363.gebied.GebiedgewijzigdVanPlek"/></r:locatieaanduiding><r:gebiedsaanwijzing><ga:GebiedsaanwijzingRef xlink:href="nl.imow-gm0363.gebiedsaanwijzing.chp16art11"/></r:gebiedsaanwijzing></r:RegelVoorIedereen></ow-dc:owObject></sl:stand>
<!--chp16art12 - Alleen de plek van de locatie - Alleen een Locatie-->
<sl:stand><ow-dc:owObject><r:RegelVoorIedereen><r:identificatie>nl.imow-gm0363.juridischeregel.chp16art12</r:identificatie><r:idealisatie>http://standaarden.omgevingswet.overheid.nl/idealisatie/id/concept/Exact</r:idealisatie><r:artikelOfLid><r:RegeltekstRef xlink:href="nl.imow-gm0363.regeltekst.chp16art12"/></r:artikelOfLid><r:locatieaanduiding><l:LocatieRef xlink:href="nl.imow-gm0363.gebied.GebiedgewijzigdVanPlek"/></r:locatieaanduiding></r:RegelVoorIedereen></ow-dc:owObject></sl:stand>
<!--chp16art13 - een OntwerpDocumentComponent en de plek van de locatie - Een ActiviteitLocatieaanduiding-->
<sl:stand><ow-dc:owObject><r:RegelVoorIedereen><r:identificatie>nl.imow-gm0363.juridischeregel.chp16art13</r:identificatie><r:idealisatie>http://standaarden.omgevingswet.overheid.nl/idealisatie/id/concept/Exact</r:idealisatie><r:artikelOfLid><r:RegeltekstRef xlink:href="nl.imow-gm0363.regeltekst.chp16art13"/></r:artikelOfLid><r:locatieaanduiding><l:LocatieRef xlink:href="nl.imow-gm0363.gebied.GebiedgewijzigdVanPlek"/></r:locatieaanduiding><r:activiteitaanduiding><rol:ActiviteitRef xlink:href="nl.imow-gm0363.activiteit.chp16art13"/><r:ActiviteitLocatieaanduiding><r:identificatie>nl.imow-gm0363.activiteitlocatieaanduiding.chp16art13</r:identificatie><r:activiteitregelkwalificatie>http://standaarden.omgevingswet.overheid.nl/activiteitregelkwalificatie/id/concept/AndersGeduid</r:activiteitregelkwalificatie><r:locatieaanduiding><l:LocatieRef xlink:href="nl.imow-gm0363.gebied.Gebiedongewijzigd"/></r:locatieaanduiding></r:ActiviteitLocatieaanduiding></r:activiteitaanduiding></r:RegelVoorIedereen></ow-dc:owObject></sl:stand>
<!--chp16art14 - een OntwerpDocumentComponent en de plek van de locatie - Een Omgevingsnorm-->
<sl:stand><ow-dc:owObject><r:RegelVoorIedereen><r:identificatie>nl.imow-gm0363.juridischeregel.chp16art14</r:identificatie><r:idealisatie>http://standaarden.omgevingswet.overheid.nl/idealisatie/id/concept/Exact</r:idealisatie><r:artikelOfLid><r:RegeltekstRef xlink:href="nl.imow-gm0363.regeltekst.chp16art14"/></r:artikelOfLid><r:locatieaanduiding><l:LocatieRef xlink:href="nl.imow-gm0363.gebied.GebiedgewijzigdVanPlek"/></r:locatieaanduiding><r:omgevingsnormaanduiding><rol:OmgevingsnormRef xlink:href="nl.imow-gm0363.omgevingsnorm.chp16art14"/></r:omgevingsnormaanduiding></r:RegelVoorIedereen></ow-dc:owObject></sl:stand>
<!--chp16art15 - een OntwerpDocumentComponent en de plek van de locatie - Een Gebiedsaanwijzing-->
<sl:stand><ow-dc:owObject><r:RegelVoorIedereen><r:identificatie>nl.imow-gm0363.juridischeregel.chp16art15</r:identificatie><r:idealisatie>http://standaarden.omgevingswet.overheid.nl/idealisatie/id/concept/Exact</r:idealisatie><r:artikelOfLid><r:RegeltekstRef xlink:href="nl.imow-gm0363.regeltekst.chp16art15"/></r:artikelOfLid><r:locatieaanduiding><l:LocatieRef xlink:href="nl.imow-gm0363.gebied.GebiedgewijzigdVanPlek"/></r:locatieaanduiding><r:gebiedsaanwijzing><ga:GebiedsaanwijzingRef xlink:href="nl.imow-gm0363.gebiedsaanwijzing.chp16art15"/></r:gebiedsaanwijzing></r:RegelVoorIedereen></ow-dc:owObject></sl:stand>
<!--chp16art16 - een OntwerpDocumentComponent en de plek van de locatie - Alleen een Locatie-->
<sl:stand><ow-dc:owObject><r:RegelVoorIedereen><r:identificatie>nl.imow-gm0363.juridischeregel.chp16art16</r:identificatie><r:idealisatie>http://standaarden.omgevingswet.overheid.nl/idealisatie/id/concept/Exact</r:idealisatie><r:artikelOfLid><r:RegeltekstRef xlink:href="nl.imow-gm0363.regeltekst.chp16art16"/></r:artikelOfLid><r:locatieaanduiding><l:LocatieRef xlink:href="nl.imow-gm0363.gebied.GebiedgewijzigdVanPlek"/></r:locatieaanduiding></r:RegelVoorIedereen></ow-dc:owObject></sl:stand>
<!--chp16art17 - Alleen de naam van de locatie - Een ActiviteitLocatieaanduiding-->
<sl:stand><ow-dc:owObject><r:RegelVoorIedereen><r:identificatie>nl.imow-gm0363.juridischeregel.chp16art17</r:identificatie><r:idealisatie>http://standaarden.omgevingswet.overheid.nl/idealisatie/id/concept/Exact</r:idealisatie><r:artikelOfLid><r:RegeltekstRef xlink:href="nl.imow-gm0363.regeltekst.chp16art17"/></r:artikelOfLid><r:locatieaanduiding><l:LocatieRef xlink:href="nl.imow-gm0363.gebied.GebiedgewijzigdVanNaam"/></r:locatieaanduiding><r:activiteitaanduiding><rol:ActiviteitRef xlink:href="nl.imow-gm0363.activiteit.chp16art17"/><r:ActiviteitLocatieaanduiding><r:identificatie>nl.imow-gm0363.activiteitlocatieaanduiding.chp16art17</r:identificatie><r:activiteitregelkwalificatie>http://standaarden.omgevingswet.overheid.nl/activiteitregelkwalificatie/id/concept/AndersGeduid</r:activiteitregelkwalificatie><r:locatieaanduiding><l:LocatieRef xlink:href="nl.imow-gm0363.gebied.Gebiedongewijzigd"/></r:locatieaanduiding></r:ActiviteitLocatieaanduiding></r:activiteitaanduiding></r:RegelVoorIedereen></ow-dc:owObject></sl:stand>
<!--chp16art18 - Alleen de naam van de locatie - Een Omgevingsnorm-->
<sl:stand><ow-dc:owObject><r:RegelVoorIedereen><r:identificatie>nl.imow-gm0363.juridischeregel.chp16art18</r:identificatie><r:idealisatie>http://standaarden.omgevingswet.overheid.nl/idealisatie/id/concept/Exact</r:idealisatie><r:artikelOfLid><r:RegeltekstRef xlink:href="nl.imow-gm0363.regeltekst.chp16art18"/></r:artikelOfLid><r:locatieaanduiding><l:LocatieRef xlink:href="nl.imow-gm0363.gebied.GebiedgewijzigdVanNaam"/></r:locatieaanduiding><r:omgevingsnormaanduiding><rol:OmgevingsnormRef xlink:href="nl.imow-gm0363.omgevingsnorm.chp16art18"/></r:omgevingsnormaanduiding></r:RegelVoorIedereen></ow-dc:owObject></sl:stand>
<!--chp16art19 - Alleen de naam van de locatie - Een Gebiedsaanwijzing-->
<sl:stand><ow-dc:owObject><r:RegelVoorIedereen><r:identificatie>nl.imow-gm0363.juridischeregel.chp16art19</r:identificatie><r:idealisatie>http://standaarden.omgevingswet.overheid.nl/idealisatie/id/concept/Exact</r:idealisatie><r:artikelOfLid><r:RegeltekstRef xlink:href="nl.imow-gm0363.regeltekst.chp16art19"/></r:artikelOfLid><r:locatieaanduiding><l:LocatieRef xlink:href="nl.imow-gm0363.gebied.GebiedgewijzigdVanNaam"/></r:locatieaanduiding><r:gebiedsaanwijzing><ga:GebiedsaanwijzingRef xlink:href="nl.imow-gm0363.gebiedsaanwijzing.chp16art19"/></r:gebiedsaanwijzing></r:RegelVoorIedereen></ow-dc:owObject></sl:stand>
<!--chp16art20 - Alleen de naam van de locatie - Alleen een Locatie-->
<sl:stand><ow-dc:owObject><r:RegelVoorIedereen><r:identificatie>nl.imow-gm0363.juridischeregel.chp16art20</r:identificatie><r:idealisatie>http://standaarden.omgevingswet.overheid.nl/idealisatie/id/concept/Exact</r:idealisatie><r:artikelOfLid><r:RegeltekstRef xlink:href="nl.imow-gm0363.regeltekst.chp16art20"/></r:artikelOfLid><r:locatieaanduiding><l:LocatieRef xlink:href="nl.imow-gm0363.gebied.GebiedgewijzigdVanNaam"/></r:locatieaanduiding></r:RegelVoorIedereen></ow-dc:owObject></sl:stand>
<!--chp16art21 - een OntwerpDocumentComponent en de naam van de locatie - Een ActiviteitLocatieaanduiding-->
<sl:stand><ow-dc:owObject><r:RegelVoorIedereen><r:identificatie>nl.imow-gm0363.juridischeregel.chp16art21</r:identificatie><r:idealisatie>http://standaarden.omgevingswet.overheid.nl/idealisatie/id/concept/Exact</r:idealisatie><r:artikelOfLid><r:RegeltekstRef xlink:href="nl.imow-gm0363.regeltekst.chp16art21"/></r:artikelOfLid><r:locatieaanduiding><l:LocatieRef xlink:href="nl.imow-gm0363.gebied.GebiedgewijzigdVanNaam"/></r:locatieaanduiding><r:activiteitaanduiding><rol:ActiviteitRef xlink:href="nl.imow-gm0363.activiteit.chp16art21"/><r:ActiviteitLocatieaanduiding><r:identificatie>nl.imow-gm0363.activiteitlocatieaanduiding.chp16art21</r:identificatie><r:activiteitregelkwalificatie>http://standaarden.omgevingswet.overheid.nl/activiteitregelkwalificatie/id/concept/AndersGeduid</r:activiteitregelkwalificatie><r:locatieaanduiding><l:LocatieRef xlink:href="nl.imow-gm0363.gebied.Gebiedongewijzigd"/></r:locatieaanduiding></r:ActiviteitLocatieaanduiding></r:activiteitaanduiding></r:RegelVoorIedereen></ow-dc:owObject></sl:stand>
<!--chp16art22 - een OntwerpDocumentComponent en de naam van de locatie - Een Omgevingsnorm-->
<sl:stand><ow-dc:owObject><r:RegelVoorIedereen><r:identificatie>nl.imow-gm0363.juridischeregel.chp16art22</r:identificatie><r:idealisatie>http://standaarden.omgevingswet.overheid.nl/idealisatie/id/concept/Exact</r:idealisatie><r:artikelOfLid><r:RegeltekstRef xlink:href="nl.imow-gm0363.regeltekst.chp16art22"/></r:artikelOfLid><r:locatieaanduiding><l:LocatieRef xlink:href="nl.imow-gm0363.gebied.GebiedgewijzigdVanNaam"/></r:locatieaanduiding><r:omgevingsnormaanduiding><rol:OmgevingsnormRef xlink:href="nl.imow-gm0363.omgevingsnorm.chp16art22"/></r:omgevingsnormaanduiding></r:RegelVoorIedereen></ow-dc:owObject></sl:stand>
<!--chp16art23 - een OntwerpDocumentComponent en de naam van de locatie - Een Gebiedsaanwijzing-->
<sl:stand><ow-dc:owObject><r:RegelVoorIedereen><r:identificatie>nl.imow-gm0363.juridischeregel.chp16art23</r:identificatie><r:idealisatie>http://standaarden.omgevingswet.overheid.nl/idealisatie/id/concept/Exact</r:idealisatie><r:artikelOfLid><r:RegeltekstRef xlink:href="nl.imow-gm0363.regeltekst.chp16art23"/></r:artikelOfLid><r:locatieaanduiding><l:LocatieRef xlink:href="nl.imow-gm0363.gebied.GebiedgewijzigdVanNaam"/></r:locatieaanduiding><r:gebiedsaanwijzing><ga:GebiedsaanwijzingRef xlink:href="nl.imow-gm0363.gebiedsaanwijzing.chp16art23"/></r:gebiedsaanwijzing></r:RegelVoorIedereen></ow-dc:owObject></sl:stand>
<!--chp16art24 - een OntwerpDocumentComponent en de naam van de locatie - Alleen een Locatie-->
<sl:stand><ow-dc:owObject><r:RegelVoorIedereen><r:identificatie>nl.imow-gm0363.juridischeregel.chp16art24</r:identificatie><r:idealisatie>http://standaarden.omgevingswet.overheid.nl/idealisatie/id/concept/Exact</r:idealisatie><r:artikelOfLid><r:RegeltekstRef xlink:href="nl.imow-gm0363.regeltekst.chp16art24"/></r:artikelOfLid><r:locatieaanduiding><l:LocatieRef xlink:href="nl.imow-gm0363.gebied.GebiedgewijzigdVanNaam"/></r:locatieaanduiding></r:RegelVoorIedereen></ow-dc:owObject></sl:stand>
    

<!--ACTIVITEITEN-->
    <!--Dit zijn chp16art1 chp16art5 chp16art9 chp16art13 chp16art17 chp16art21-->
      <sl:stand><ow-dc:owObject><rol:Activiteit><rol:identificatie>nl.imow-gm0363.activiteit.chp16art1</rol:identificatie><rol:naam>chp16art1</rol:naam><rol:groep>http://standaarden.omgevingswet.overheid.nl/activiteit/id/concept/MilieubelastendeActiviteit</rol:groep><rol:bovenliggendeActiviteit><rol:ActiviteitRef xlink:href="nl.imow-gm0363.activiteit.ActInOmgevingsplanGem2"/></rol:bovenliggendeActiviteit></rol:Activiteit></ow-dc:owObject></sl:stand>
      <sl:stand><ow-dc:owObject><rol:Activiteit><rol:identificatie>nl.imow-gm0363.activiteit.chp16art5</rol:identificatie><rol:naam>chp16art5</rol:naam><rol:groep>http://standaarden.omgevingswet.overheid.nl/activiteit/id/concept/MilieubelastendeActiviteit</rol:groep><rol:bovenliggendeActiviteit><rol:ActiviteitRef xlink:href="nl.imow-gm0363.activiteit.ActInOmgevingsplanGem2"/></rol:bovenliggendeActiviteit></rol:Activiteit></ow-dc:owObject></sl:stand>
    <sl:stand><ow-dc:owObject><rol:Activiteit><rol:identificatie>nl.imow-gm0363.activiteit.chp16art9</rol:identificatie><rol:naam>chp16art9</rol:naam><rol:groep>http://standaarden.omgevingswet.overheid.nl/activiteit/id/concept/MilieubelastendeActiviteit</rol:groep><rol:bovenliggendeActiviteit><rol:ActiviteitRef xlink:href="nl.imow-gm0363.activiteit.ActInOmgevingsplanGem2"/></rol:bovenliggendeActiviteit></rol:Activiteit></ow-dc:owObject></sl:stand>
    <sl:stand><ow-dc:owObject><rol:Activiteit><rol:identificatie>nl.imow-gm0363.activiteit.chp16art13</rol:identificatie><rol:naam>chp16art13</rol:naam><rol:groep>http://standaarden.omgevingswet.overheid.nl/activiteit/id/concept/MilieubelastendeActiviteit</rol:groep><rol:bovenliggendeActiviteit><rol:ActiviteitRef xlink:href="nl.imow-gm0363.activiteit.ActInOmgevingsplanGem2"/></rol:bovenliggendeActiviteit></rol:Activiteit></ow-dc:owObject></sl:stand>
    <sl:stand><ow-dc:owObject><rol:Activiteit><rol:identificatie>nl.imow-gm0363.activiteit.chp16art17</rol:identificatie><rol:naam>chp16art17</rol:naam><rol:groep>http://standaarden.omgevingswet.overheid.nl/activiteit/id/concept/MilieubelastendeActiviteit</rol:groep><rol:bovenliggendeActiviteit><rol:ActiviteitRef xlink:href="nl.imow-gm0363.activiteit.ActInOmgevingsplanGem2"/></rol:bovenliggendeActiviteit></rol:Activiteit></ow-dc:owObject></sl:stand>
    <sl:stand><ow-dc:owObject><rol:Activiteit><rol:identificatie>nl.imow-gm0363.activiteit.chp16art21</rol:identificatie><rol:naam>chp16art21</rol:naam><rol:groep>http://standaarden.omgevingswet.overheid.nl/activiteit/id/concept/MilieubelastendeActiviteit</rol:groep><rol:bovenliggendeActiviteit><rol:ActiviteitRef xlink:href="nl.imow-gm0363.activiteit.ActInOmgevingsplanGem2"/></rol:bovenliggendeActiviteit></rol:Activiteit></ow-dc:owObject></sl:stand>
    
    <!--OMGEVINGSNORMEN-->
    <!--Dit zijn chp16art2 chp16art6 chp16art10 chp16art14 chp16art18 chp16art22-->
<sl:stand><ow-dc:owObject><rol:Omgevingsnorm><rol:identificatie>nl.imow-gm0363.omgevingsnorm.chp16art2</rol:identificatie><rol:naam>Welstandsniveau</rol:naam><rol:type>http://standaarden.omgevingswet.overheid.nl/typenorm/id/concept/Welstandsniveau</rol:type><rol:normwaarde>
 <rol:Normwaarde><rol:identificatie>nl.imow-gm0363.normwaarde.chp16art2</rol:identificatie><rol:kwalitatieveWaarde>chp16art2</rol:kwalitatieveWaarde><rol:locatieaanduiding><l:LocatieRef xlink:href="nl.imow-gm0363.gebied.Gebiedongewijzigd"/></rol:locatieaanduiding></rol:Normwaarde>
</rol:normwaarde><rol:groep>http://standaarden.omgevingswet.overheid.nl/omgevingsnorm/id/concept/Bouwaanduiding</rol:groep></rol:Omgevingsnorm></ow-dc:owObject></sl:stand>

<sl:stand><ow-dc:owObject><rol:Omgevingsnorm><rol:identificatie>nl.imow-gm0363.omgevingsnorm.chp16art6</rol:identificatie><rol:naam>Welstandsniveau</rol:naam><rol:type>http://standaarden.omgevingswet.overheid.nl/typenorm/id/concept/Welstandsniveau</rol:type><rol:normwaarde>
 <rol:Normwaarde><rol:identificatie>nl.imow-gm0363.normwaarde.chp16art6</rol:identificatie><rol:kwalitatieveWaarde>chp16art6</rol:kwalitatieveWaarde><rol:locatieaanduiding><l:LocatieRef xlink:href="nl.imow-gm0363.gebied.Gebiedongewijzigd"/></rol:locatieaanduiding></rol:Normwaarde>
</rol:normwaarde><rol:groep>http://standaarden.omgevingswet.overheid.nl/omgevingsnorm/id/concept/Bouwaanduiding</rol:groep></rol:Omgevingsnorm></ow-dc:owObject></sl:stand>
    
<sl:stand><ow-dc:owObject><rol:Omgevingsnorm><rol:identificatie>nl.imow-gm0363.omgevingsnorm.chp16art10</rol:identificatie><rol:naam>Welstandsniveau</rol:naam><rol:type>http://standaarden.omgevingswet.overheid.nl/typenorm/id/concept/Welstandsniveau</rol:type><rol:normwaarde>
 <rol:Normwaarde><rol:identificatie>nl.imow-gm0363.normwaarde.chp16art10</rol:identificatie><rol:kwalitatieveWaarde>chp16art10</rol:kwalitatieveWaarde><rol:locatieaanduiding><l:LocatieRef xlink:href="nl.imow-gm0363.gebied.GebiedgewijzigdVanPlek"/></rol:locatieaanduiding></rol:Normwaarde>
</rol:normwaarde><rol:groep>http://standaarden.omgevingswet.overheid.nl/omgevingsnorm/id/concept/Bouwaanduiding</rol:groep></rol:Omgevingsnorm></ow-dc:owObject></sl:stand>

<sl:stand><ow-dc:owObject><rol:Omgevingsnorm><rol:identificatie>nl.imow-gm0363.omgevingsnorm.chp16art14</rol:identificatie><rol:naam>Welstandsniveau</rol:naam><rol:type>http://standaarden.omgevingswet.overheid.nl/typenorm/id/concept/Welstandsniveau</rol:type><rol:normwaarde>
 <rol:Normwaarde><rol:identificatie>nl.imow-gm0363.normwaarde.chp16art14</rol:identificatie><rol:kwalitatieveWaarde>chp16art14</rol:kwalitatieveWaarde><rol:locatieaanduiding><l:LocatieRef xlink:href="nl.imow-gm0363.gebied.GebiedgewijzigdVanPlek"/></rol:locatieaanduiding></rol:Normwaarde>
</rol:normwaarde><rol:groep>http://standaarden.omgevingswet.overheid.nl/omgevingsnorm/id/concept/Bouwaanduiding</rol:groep></rol:Omgevingsnorm></ow-dc:owObject></sl:stand>

<sl:stand><ow-dc:owObject><rol:Omgevingsnorm><rol:identificatie>nl.imow-gm0363.omgevingsnorm.chp16art18</rol:identificatie><rol:naam>Welstandsniveau</rol:naam><rol:type>http://standaarden.omgevingswet.overheid.nl/typenorm/id/concept/Welstandsniveau</rol:type><rol:normwaarde>
 <rol:Normwaarde><rol:identificatie>nl.imow-gm0363.normwaarde.chp16art18</rol:identificatie><rol:kwalitatieveWaarde>chp16art18</rol:kwalitatieveWaarde><rol:locatieaanduiding><l:LocatieRef xlink:href="nl.imow-gm0363.gebied.GebiedgewijzigdVanNaam"/></rol:locatieaanduiding></rol:Normwaarde>
</rol:normwaarde><rol:groep>http://standaarden.omgevingswet.overheid.nl/omgevingsnorm/id/concept/Bouwaanduiding</rol:groep></rol:Omgevingsnorm></ow-dc:owObject></sl:stand>                             

<sl:stand><ow-dc:owObject><rol:Omgevingsnorm><rol:identificatie>nl.imow-gm0363.omgevingsnorm.chp16art22</rol:identificatie><rol:naam>Welstandsniveau</rol:naam><rol:type>http://standaarden.omgevingswet.overheid.nl/typenorm/id/concept/Welstandsniveau</rol:type><rol:normwaarde>
 <rol:Normwaarde><rol:identificatie>nl.imow-gm0363.normwaarde.chp16art22</rol:identificatie><rol:kwalitatieveWaarde>chp16art22</rol:kwalitatieveWaarde><rol:locatieaanduiding><l:LocatieRef xlink:href="nl.imow-gm0363.gebied.GebiedgewijzigdVanNaam"/></rol:locatieaanduiding></rol:Normwaarde>
</rol:normwaarde><rol:groep>http://standaarden.omgevingswet.overheid.nl/omgevingsnorm/id/concept/Bouwaanduiding</rol:groep></rol:Omgevingsnorm></ow-dc:owObject></sl:stand>
    
    
    <!--GEBIEDSAANWIJZINGEN-->
<!--Dit zijn chp16art3 chp16art7 chp16art11 chp16art15 chp16art19 chp16art23-->
      <sl:stand><ow-dc:owObject><ga:Gebiedsaanwijzing><ga:identificatie>nl.imow-gm0363.gebiedsaanwijzing.chp16art3</ga:identificatie><ga:type>http://standaarden.omgevingswet.overheid.nl/typegebiedsaanwijzing/id/concept/Functie</ga:type><ga:naam>chp16art3</ga:naam><ga:groep>http://standaarden.omgevingswet.overheid.nl/functie/id/concept/Overig</ga:groep><ga:locatieaanduiding><l:LocatieRef xlink:href="nl.imow-gm0363.gebied.Gebiedongewijzigd"/></ga:locatieaanduiding></ga:Gebiedsaanwijzing></ow-dc:owObject></sl:stand>
    <sl:stand><ow-dc:owObject><ga:Gebiedsaanwijzing><ga:identificatie>nl.imow-gm0363.gebiedsaanwijzing.chp16art7</ga:identificatie><ga:type>http://standaarden.omgevingswet.overheid.nl/typegebiedsaanwijzing/id/concept/Functie</ga:type><ga:naam>chp16art7</ga:naam><ga:groep>http://standaarden.omgevingswet.overheid.nl/functie/id/concept/Overig</ga:groep><ga:locatieaanduiding><l:LocatieRef xlink:href="nl.imow-gm0363.gebied.Gebiedongewijzigd"/></ga:locatieaanduiding></ga:Gebiedsaanwijzing></ow-dc:owObject></sl:stand>
    <sl:stand><ow-dc:owObject><ga:Gebiedsaanwijzing><ga:identificatie>nl.imow-gm0363.gebiedsaanwijzing.chp16art11</ga:identificatie><ga:type>http://standaarden.omgevingswet.overheid.nl/typegebiedsaanwijzing/id/concept/Functie</ga:type><ga:naam>chp16art11</ga:naam><ga:groep>http://standaarden.omgevingswet.overheid.nl/functie/id/concept/Overig</ga:groep><ga:locatieaanduiding><l:LocatieRef xlink:href="nl.imow-gm0363.gebied.GebiedgewijzigdVanPlek"/></ga:locatieaanduiding></ga:Gebiedsaanwijzing></ow-dc:owObject></sl:stand>
    <sl:stand><ow-dc:owObject><ga:Gebiedsaanwijzing><ga:identificatie>nl.imow-gm0363.gebiedsaanwijzing.chp16art15</ga:identificatie><ga:type>http://standaarden.omgevingswet.overheid.nl/typegebiedsaanwijzing/id/concept/Functie</ga:type><ga:naam>chp16art15</ga:naam><ga:groep>http://standaarden.omgevingswet.overheid.nl/functie/id/concept/Overig</ga:groep><ga:locatieaanduiding><l:LocatieRef xlink:href="nl.imow-gm0363.gebied.GebiedgewijzigdVanPlek"/></ga:locatieaanduiding></ga:Gebiedsaanwijzing></ow-dc:owObject></sl:stand>
    <sl:stand><ow-dc:owObject><ga:Gebiedsaanwijzing><ga:identificatie>nl.imow-gm0363.gebiedsaanwijzing.chp16art19</ga:identificatie><ga:type>http://standaarden.omgevingswet.overheid.nl/typegebiedsaanwijzing/id/concept/Functie</ga:type><ga:naam>chp16art19</ga:naam><ga:groep>http://standaarden.omgevingswet.overheid.nl/functie/id/concept/Overig</ga:groep><ga:locatieaanduiding><l:LocatieRef xlink:href="nl.imow-gm0363.gebied.GebiedgewijzigdVanNaam"/></ga:locatieaanduiding></ga:Gebiedsaanwijzing></ow-dc:owObject></sl:stand>
    <sl:stand><ow-dc:owObject><ga:Gebiedsaanwijzing><ga:identificatie>nl.imow-gm0363.gebiedsaanwijzing.chp16art23</ga:identificatie><ga:type>http://standaarden.omgevingswet.overheid.nl/typegebiedsaanwijzing/id/concept/Functie</ga:type><ga:naam>chp16art23</ga:naam><ga:groep>http://standaarden.omgevingswet.overheid.nl/functie/id/concept/Overig</ga:groep><ga:locatieaanduiding><l:LocatieRef xlink:href="nl.imow-gm0363.gebied.GebiedgewijzigdVanNaam"/></ga:locatieaanduiding></ga:Gebiedsaanwijzing></ow-dc:owObject></sl:stand>

    <!--LOCATIES-->
    <sl:stand><ow-dc:owObject><l:Gebied><l:identificatie>nl.imow-gm0363.gebied.Gebiedongewijzigd</l:identificatie><l:geometrie><l:GeometrieRef xlink:href="379c6f9c-a987-40c6-9af3-1fc9e1d32fcb"/></l:geometrie></l:Gebied></ow-dc:owObject></sl:stand>
    <sl:stand><ow-dc:owObject><l:Gebied><l:identificatie>nl.imow-gm0363.gebied.GebiedgewijzigdVanPlek</l:identificatie><l:geometrie><l:GeometrieRef xlink:href="70ae1d57-6e76-43c7-a958-ec93f517a1a5"/></l:geometrie></l:Gebied></ow-dc:owObject></sl:stand>
    <sl:stand><ow-dc:owObject><l:Gebied><l:identificatie>nl.imow-gm0363.gebied.GebiedgewijzigdVanNaam</l:identificatie><l:noemer>naamOud</l:noemer><l:geometrie><l:GeometrieRef xlink:href="34b2db2c-a32d-487f-b7f9-ddb88a13cc13"/></l:geometrie></l:Gebied></ow-dc:owObject></sl:stand>

    <!--REGELINGSGEBIED-->
    <sl:stand><ow-dc:owObject><rg:Regelingsgebied><rg:identificatie>nl.imow-gm0363.regelingsgebied.ontwerpplantwan</rg:identificatie><rg:locatieaanduiding><l:LocatieRef xlink:href="nl.imow-gm0363.ambtsgebied.ontwerpplantwan"/></rg:locatieaanduiding></rg:Regelingsgebied></ow-dc:owObject></sl:stand>
    
    <!--AMBTSGEBIED-->
    <sl:stand><ow-dc:owObject><l:Ambtsgebied><l:identificatie>nl.imow-gm0363.ambtsgebied.ontwerpplantwan</l:identificatie><l:bestuurlijkeGrenzenVerwijzing><l:BestuurlijkeGrenzenVerwijzing><l:bestuurlijkeGrenzenID>GM0363</l:bestuurlijkeGrenzenID><l:domein>NL.BI.BestuurlijkGebied</l:domein><l:geldigOp>2021-01-01</l:geldigOp></l:BestuurlijkeGrenzenVerwijzing></l:bestuurlijkeGrenzenVerwijzing></l:Ambtsgebied></ow-dc:owObject></sl:stand>
    
    
   </sl:standBestand>
</ow-dc:owBestand>