<?xml version='1.0' encoding='UTF-8'?>
<AanleveringInformatieObject xmlns="https://standaarden.overheid.nl/lvbb/stop/aanlevering/" xmlns:geo="https://standaarden.overheid.nl/stop/imop/geo/" xmlns:xsi="http://www.w3.org/2001/XMLSchema-instance" schemaversie="1.2.0" xsi:schemaLocation="https://standaarden.overheid.nl/lvbb/stop/aanlevering https://standaarden.overheid.nl/lvbb/1.2.0/lvbb-stop-aanlevering.xsd">
  <InformatieObjectVersie>
    <ExpressionIdentificatie xmlns="https://standaarden.overheid.nl/stop/imop/data/">
      <FRBRWork>/join/id/regdata/gm0363/2022/Polygoon</FRBRWork>
      <FRBRExpression>/join/id/regdata/gm0363/2022/Polygoon/nld@2022;1</FRBRExpression>
      <soortWork>/join/id/stop/work_010</soortWork>
    </ExpressionIdentificatie>
    <InformatieObjectVersieMetadata xmlns="https://standaarden.overheid.nl/stop/imop/data/">
      <heeftGeboorteregeling>/akn/nl/act/gm0363/2022/ontwerpplanTwanProbeersel1Definitief1</heeftGeboorteregeling>
      <heeftBestanden>
        <heeftBestand>
          <Bestand>
            <bestandsnaam>Polygoon.gml</bestandsnaam>
            <hash>8a021765baf348e1c6e58311d96fa97d8fa3ffd137915b9f011581d9f9c56d9d58e87c7f8cdf3aa36e4b60d0f34fa22bfde784181c7cf4e0f55cd56b25dbc894</hash>
          </Bestand>
        </heeftBestand>
      </heeftBestanden>
    </InformatieObjectVersieMetadata>
    <InformatieObjectMetadata xmlns="https://standaarden.overheid.nl/stop/imop/data/">
      <eindverantwoordelijke>/tooi/id/gemeente/gm0363</eindverantwoordelijke>
      <maker>/tooi/id/gemeente/gm0363</maker>
      <alternatieveTitels>
        <alternatieveTitel/>
      </alternatieveTitels>
      <officieleTitel>/join/id/regdata/gm0363/2022/Polygoon</officieleTitel>
      <publicatieinstructie>TeConsolideren</publicatieinstructie>
      <formaatInformatieobject>/join/id/stop/informatieobject/gio_002</formaatInformatieobject>
      <naamInformatieObject>Polygoon</naamInformatieObject>
    </InformatieObjectMetadata>
  </InformatieObjectVersie>
</AanleveringInformatieObject>
