<?xml version='1.0' encoding='UTF-8'?>
<AanleveringInformatieObject xmlns="https://standaarden.overheid.nl/lvbb/stop/aanlevering/" xmlns:geo="https://standaarden.overheid.nl/stop/imop/geo/" xmlns:xsi="http://www.w3.org/2001/XMLSchema-instance" schemaversie="1.2.0" xsi:schemaLocation="https://standaarden.overheid.nl/lvbb/stop/aanlevering https://standaarden.overheid.nl/lvbb/1.2.0/lvbb-stop-aanlevering.xsd">
  <InformatieObjectVersie>
    <ExpressionIdentificatie xmlns="https://standaarden.overheid.nl/stop/imop/data/">
      <FRBRWork>/join/id/regdata/gm0363/2022/Polygoon2</FRBRWork>
      <FRBRExpression>/join/id/regdata/gm0363/2022/Polygoon2/nld@2022;1</FRBRExpression>
      <soortWork>/join/id/stop/work_010</soortWork>
    </ExpressionIdentificatie>
    <InformatieObjectVersieMetadata xmlns="https://standaarden.overheid.nl/stop/imop/data/">
      <heeftGeboorteregeling>/akn/nl/act/gm0363/2022/ontwerpplanTwanProbeersel1Definitief1</heeftGeboorteregeling>
      <heeftBestanden>
        <heeftBestand>
          <Bestand>
            <bestandsnaam>Polygoon2.gml</bestandsnaam>
            <hash>3912ebab9d15e341a999d14e8ca122f6119258689c2a8a4800a0fb43731cac16edcb9c543694408ff2959a8c4389e5bdc1967f1c0e6abcb0cc068c7027f0429d</hash>
          </Bestand>
        </heeftBestand>
      </heeftBestanden>
    </InformatieObjectVersieMetadata>
    <InformatieObjectMetadata xmlns="https://standaarden.overheid.nl/stop/imop/data/">
      <eindverantwoordelijke>/tooi/id/gemeente/gm0363</eindverantwoordelijke>
      <maker>/tooi/id/gemeente/gm0363</maker>
      <alternatieveTitels>
        <alternatieveTitel/>
      </alternatieveTitels>
      <officieleTitel>/join/id/regdata/gm0363/2022/Polygoon2</officieleTitel>
      <publicatieinstructie>TeConsolideren</publicatieinstructie>
      <formaatInformatieobject>/join/id/stop/informatieobject/gio_002</formaatInformatieobject>
      <naamInformatieObject>Polygoon</naamInformatieObject>
    </InformatieObjectMetadata>
  </InformatieObjectVersie>
</AanleveringInformatieObject>
