<?xml version='1.0' encoding='UTF-8'?>
<AanleveringInformatieObject xmlns="https://standaarden.overheid.nl/lvbb/stop/aanlevering/" xmlns:geo="https://standaarden.overheid.nl/stop/imop/geo/" xmlns:xsi="http://www.w3.org/2001/XMLSchema-instance" schemaversie="1.2.0" xsi:schemaLocation="https://standaarden.overheid.nl/lvbb/stop/aanlevering https://standaarden.overheid.nl/lvbb/1.2.0/lvbb-stop-aanlevering.xsd">
  <InformatieObjectVersie>
    <ExpressionIdentificatie xmlns="https://standaarden.overheid.nl/stop/imop/data/">
      <FRBRWork>/join/id/regdata/gm0363/2022/Polygoon3</FRBRWork>
      <FRBRExpression>/join/id/regdata/gm0363/2022/Polygoon3/nld@2022;1</FRBRExpression>
      <soortWork>/join/id/stop/work_010</soortWork>
    </ExpressionIdentificatie>
    <InformatieObjectVersieMetadata xmlns="https://standaarden.overheid.nl/stop/imop/data/">
      <heeftGeboorteregeling>/akn/nl/act/gm0363/2022/ontwerpplanTwanProbeersel1Definitief1</heeftGeboorteregeling>
      <heeftBestanden>
        <heeftBestand>
          <Bestand>
            <bestandsnaam>Polygoon3.gml</bestandsnaam>
            <hash>a2fcde2327708fef73e5a0b2d8526dc73a636776110c1a973eccefc7b750b162f3091f21201c4a18862f3d8cdfa71422d0f09e0ef7540a98696ac0c0ff124ee5</hash>
          </Bestand>
        </heeftBestand>
      </heeftBestanden>
    </InformatieObjectVersieMetadata>
    <InformatieObjectMetadata xmlns="https://standaarden.overheid.nl/stop/imop/data/">
      <eindverantwoordelijke>/tooi/id/gemeente/gm0363</eindverantwoordelijke>
      <maker>/tooi/id/gemeente/gm0363</maker>
      <alternatieveTitels>
        <alternatieveTitel/>
      </alternatieveTitels>
      <officieleTitel>/join/id/regdata/gm0363/2022/Polygoon3</officieleTitel>
      <publicatieinstructie>TeConsolideren</publicatieinstructie>
      <formaatInformatieobject>/join/id/stop/informatieobject/gio_002</formaatInformatieobject>
      <naamInformatieObject>Polygoon</naamInformatieObject>
    </InformatieObjectMetadata>
  </InformatieObjectVersie>
</AanleveringInformatieObject>
