<?xml version='1.0' encoding='UTF-8'?>
<AanleveringInformatieObject xmlns="https://standaarden.overheid.nl/lvbb/stop/aanlevering/" xmlns:geo="https://standaarden.overheid.nl/stop/imop/geo/" xmlns:xsi="http://www.w3.org/2001/XMLSchema-instance" schemaversie="1.2.0" xsi:schemaLocation="https://standaarden.overheid.nl/lvbb/stop/aanlevering https://standaarden.overheid.nl/lvbb/1.2.0/lvbb-stop-aanlevering.xsd">
  <InformatieObjectVersie>
    <ExpressionIdentificatie xmlns="https://standaarden.overheid.nl/stop/imop/data/">
      <FRBRWork>/join/id/regdata/gm0363/2022/Polygoon2</FRBRWork>
      <FRBRExpression>/join/id/regdata/gm0363/2022/Polygoon2/nld@2022;2;ontwerp</FRBRExpression>
      <soortWork>/join/id/stop/work_010</soortWork>
    </ExpressionIdentificatie>
    <InformatieObjectVersieMetadata xmlns="https://standaarden.overheid.nl/stop/imop/data/">
      <heeftGeboorteregeling>/akn/nl/act/gm0363/2022/ontwerpplanTwanProbeersel1Definitief1</heeftGeboorteregeling>
      <heeftBestanden>
        <heeftBestand>
          <Bestand>
            <bestandsnaam>Polygoon2.gml</bestandsnaam>
            <hash>4f38838a44e3df57e508b4f95346dea114a5cdef8fb5b2b6561c6c8b0515b335a38a557b5c9c4318c3a6af88ff17f9f8fbd5f471935f0eacf6619187804a9969</hash>
          </Bestand>
        </heeftBestand>
      </heeftBestanden>
    </InformatieObjectVersieMetadata>
    <InformatieObjectMetadata xmlns="https://standaarden.overheid.nl/stop/imop/data/">
      <eindverantwoordelijke>/tooi/id/gemeente/gm0363</eindverantwoordelijke>
      <maker>/tooi/id/gemeente/gm0363</maker>
      <alternatieveTitels>
        <alternatieveTitel/>
      </alternatieveTitels>
      <officieleTitel>/join/id/regdata/gm0363/2022/Polygoon2</officieleTitel>
      <publicatieinstructie>TeConsolideren</publicatieinstructie>
      <formaatInformatieobject>/join/id/stop/informatieobject/gio_002</formaatInformatieobject>
      <naamInformatieObject>Polygoon</naamInformatieObject>
    </InformatieObjectMetadata>
  </InformatieObjectVersie>
</AanleveringInformatieObject>
